{
  "lang":"en",
  "name":"pipeline",
  "version":"0.0.0",
  "spacy_version":">=3.2.0,<3.3.0",
  "description":"",
  "author":"",
  "email":"",
  "url":"",
  "license":"",
  "spacy_git_version":"0fc3dee77",
  "vectors":{
    "width":0,
    "vectors":0,
    "keys":0,
    "name":null,
    "mode":"default"
  },
  "labels":{
    "tok2vec":[

    ],
    "ner":[
      "College Name",
      "Companies worked at",
      "Degree",
      "Designation",
      "Email Address",
      "Graduation Year",
      "Location",
      "Name",
      "Skills",
      "UNKNOWN",
      "Years of Experience"
    ]
  },
  "pipeline":[
    "tok2vec",
    "ner"
  ],
  "components":[
    "tok2vec",
    "ner"
  ],
  "disabled":[

  ],
  "performance":{
    "ents_f":0.846606093,
    "ents_p":0.7734375,
    "ents_r":0.9350649351,
    "ents_per_type":{
      "Name":{
        "p":0.9954954955,
        "r":0.9954954955,
        "f":0.9954954955
      },
      "Designation":{
        "p":0.7551440329,
        "r":0.9786666667,
        "f":0.8524970964
      },
      "Companies worked at":{
        "p":0.7974068071,
        "r":0.9443378119,
        "f":0.8646748682
      },
      "Location":{
        "p":0.9187817259,
        "r":0.9211195929,
        "f":0.9199491741
      },
      "Email Address":{
        "p":0.5315789474,
        "r":1.0,
        "f":0.6941580756
      },
      "College Name":{
        "p":0.6586206897,
        "r":0.9744897959,
        "f":0.7860082305
      },
      "Graduation Year":{
        "p":0.8363636364,
        "r":0.6934673367,
        "f":0.7582417582
      },
      "Skills":{
        "p":0.7506053269,
        "r":0.9309309309,
        "f":0.8310991957
      },
      "Degree":{
        "p":0.6536964981,
        "r":0.9655172414,
        "f":0.7795823666
      },
      "Years of Experience":{
        "p":0.6756756757,
        "r":0.9615384615,
        "f":0.7936507937
      },
      "UNKNOWN":{
        "p":1.0,
        "r":1.0,
        "f":1.0
      }
    },
    "tok2vec_loss":8507.2576418726,
    "ner_loss":759.7746760925
  }
}