{
  "lang":"en",
  "name":"pipeline",
  "version":"0.0.0",
  "spacy_version":">=3.2.0,<3.3.0",
  "description":"",
  "author":"",
  "email":"",
  "url":"",
  "license":"",
  "spacy_git_version":"0fc3dee77",
  "vectors":{
    "width":0,
    "vectors":0,
    "keys":0,
    "name":null,
    "mode":"default"
  },
  "labels":{
    "tok2vec":[

    ],
    "ner":[
      "College Name",
      "Companies worked at",
      "Degree",
      "Designation",
      "Email Address",
      "Graduation Year",
      "Location",
      "Name",
      "Skills",
      "UNKNOWN",
      "Years of Experience"
    ]
  },
  "pipeline":[
    "tok2vec",
    "ner"
  ],
  "components":[
    "tok2vec",
    "ner"
  ],
  "disabled":[

  ],
  "performance":{
    "ents_f":0.853831517,
    "ents_p":0.7617283951,
    "ents_r":0.9712711531,
    "ents_per_type":{
      "Name":{
        "p":0.9954954955,
        "r":0.9954954955,
        "f":0.9954954955
      },
      "Designation":{
        "p":0.7582644628,
        "r":0.9786666667,
        "f":0.8544819558
      },
      "Companies worked at":{
        "p":0.7589820359,
        "r":0.9731285988,
        "f":0.8528174937
      },
      "Location":{
        "p":0.8966346154,
        "r":0.9491094148,
        "f":0.9221260816
      },
      "Email Address":{
        "p":0.5319148936,
        "r":0.9900990099,
        "f":0.6920415225
      },
      "College Name":{
        "p":0.6666666667,
        "r":0.9897959184,
        "f":0.7967145791
      },
      "Graduation Year":{
        "p":0.7966101695,
        "r":0.9447236181,
        "f":0.8643678161
      },
      "Skills":{
        "p":0.7447306792,
        "r":0.954954955,
        "f":0.8368421053
      },
      "Degree":{
        "p":0.6431226766,
        "r":0.9942528736,
        "f":0.7810383747
      },
      "Years of Experience":{
        "p":0.6842105263,
        "r":1.0,
        "f":0.8125
      },
      "UNKNOWN":{
        "p":1.0,
        "r":1.0,
        "f":1.0
      }
    },
    "tok2vec_loss":12138.5019809021,
    "ner_loss":801.641058225
  }
}